Hét,Dátum,Nap,Időpont,Platform,Poszt Típus,Téma,Kép/Video,Caption Főbb Pontok,Hashtags,Státusz,Megjegyzés
1,2025-01-06,Hétfő,10:00,Instagram & Facebook,Carousel,Újévi köszöntés + helyszín,Panoráma + terasz + belső tér,"Boldog új évet, helyszín bemutató, panoráma, catering, természet","#HangárBistro #Rendezvényhelyszín #Budapest #Esküvő #CégesRendezvény #ÚjÉv2025",Tervezés,3-5 képes carousel
1,2025-01-08,Szerda,18:00,Instagram & Facebook,Single kép + Story,Esküvői szezon nyitás,Esküvői teríték napnyugtakor,"2025 esküvői szezon, tavaszi-nyári időpontok, teljes körű szervezés, ajánlatkérés","#Esküvő2025 #Esküvőszervezés #EsküvőiBudapest #WeddingVenue #MagyarEsküvő",Tervezés,Story: időpontok foglalása
1,2025-01-10,Péntek,12:00,Instagram & Facebook,Reel,Menü highlight - téli specialitás,Ételkészítés video 15-30 sec,"Téli menü, gombakrémleves, borjúpecsenye, panna cotta, egyedi menük","#GasztronómiaBudapest #Catering #RendezvényCatering #TéliMenü #FoodPorn",Tervezés,Behind-the-scenes a konyhában
2,2025-01-13,Hétfő,09:00,Instagram & Facebook,Single kép,Céges rendezvények,Konferencia terem setup,"Céges események, technikai háttér, catering, team building, parkolás","#CégesRendezvény #TeamBuilding #Konferencia #CorporateEvent #Budapest",Tervezés,Munkaidő kezdéskor posztolni
2,2025-01-15,Szerda,19:00,Instagram & Facebook,Grafika + idézet,Testimonial,Happy couple fotó,"Ügyfél vélemény idézet, Anna és Péter review, esküvői élmény","#VendégVélemény #ElégedettÜgyfelek #Esküvő #Review #Testimonial",Tervezés,Igazi ügyfél fotót használni
2,2025-01-17,Péntek,17:00,Instagram & Facebook,Carousel / Video,Helyszín - panoráma,Napfelkelte-napnyugta szekvencia,"Hármashatár-hegy kilátás, természetközeli, instagram-worthy, helyszínbejárás","#BudapestView #Panoráma #HármashatárHegy #EsküvőiHelyszín #NatureVenue",Tervezés,Napnyugta időben posztolni
3,2025-01-20,Hétfő,11:00,Instagram & Facebook,Grafika / Carousel,Esküvőszervezési tipp,Infografika vagy carousel,"Mikor foglalni helyszínt, 12-18 hónap ideális, early bird előnyök","#EsküvőszervezésTipp #EsküvőTipp #WeddingPlanning #Esküvő2025 #WeddingTips",Tervezés,Oktatási tartalom
3,2025-01-22,Szerda,14:00,Instagram & Facebook,Video / Carousel,Születésnapi rendezvények,Dekoráció + torta + vendégek,"Születésnapi csomagok, Basic/Premium/Exclusive, dekoráció, menü, DJ","#Születésnap #SzületésnapiBuli #BirthdayParty #BudapestEvent #Ünneplés",Tervezés,3 csomag highlight
3,2025-01-24,Péntek,18:30,Instagram & Facebook,Single kép / Carousel,Italválaszték,Borok + pezsgő + koktél,"Bor választék, pezsgők, koktélok, sommelier tanácsadás","#Bor #Pezsgő #Cocktails #WineLovers #EventDrinks #Catering #WineTasting",Tervezés,Bor óra - este posztolni
4,2025-01-27,Hétfő,20:00,Instagram & Facebook,Romantic Reel,Lánykérés,Romantikus pillanat + gyertyák,"Lánykérés szervezés, diszkrét, romantikus, fotós, privát terasz, élőzene","#Lánykérés #Eljegyzés #ProposalIdeas #EngagementRing #RomanticProposal",Tervezés,Este romantikus időben
4,2025-01-29,Szerda,16:00,Instagram & Facebook,Video / Carousel,Behind-the-scenes - Csapat,Csapat tagok munkában,"Csapat bemutató, séf, event designer, koordinátor, technikus, profi","#BehindTheScenes #Csapat #EventTeam #Rendezvényszervezés #ProfessionalTeam",Tervezés,Team highlight
4,2025-01-31,Péntek,10:00,Instagram & Facebook,Grafika + CTA,Február foglalások,CTA grafika,"Február majdnem tele, Valentin-nap, tavaszi esküvő, 10% early bird kedvezmény","#Foglalás #Február #Rendezvény #EarlyBird #Kedvezmény #ValentineDay",Tervezés,Erős CTA - akció
5,2025-02-03,Hétfő,10:00,Instagram & Facebook,Carousel,Valentin-napi ajánlat,Romantikus helyszín + menü,"Valentin-nap lánykérés, romantikus vacsora, privát terasz, páros menü","#ValentineDay #Valentin #RomanticDinner #Lánykérés #ProposalIdeas",Tervezés,Valentin előtt 11 nappal
5,2025-02-05,Szerda,19:00,Instagram & Facebook,Video,Esküvői pillanat,Ceremony vagy first dance,"Esküvői pillanatok, sunset ceremónia, panoráma, felejthetetlen élmény","#Esküvő2025 #WeddingMoments #EsküvőiBudapest #WeddingCeremony",Tervezés,Emocionális tartalom
5,2025-02-07,Péntek,12:00,Instagram & Facebook,Single kép,Valentin menü specialitás,Páros vacsora asztal,"Valentin menü, 4 fogásos, pezsgő, svédasztal, romantikus, február 14","#ValentineMenu #RomanticDinner #Valentin2025 #PárosMenü #Budapest",Tervezés,1 héttel Valentin előtt
6,2025-02-10,Hétfő,11:00,Instagram & Facebook,Grafika / Carousel,Tavaszi esküvő tippek,Infografika,"Tavaszi esküvő trendek, virágok, outdoor ceremónia, időjárás backup terv","#TavasziEsküvő #WeddingTrends #Esküvő2025 #EsküvőTipp #SpringWedding",Tervezés,Tavaszi szezon előkészítés
6,2025-02-12,Szerda,18:00,Instagram & Facebook,Carousel,Testimonial - Lánykérés,Igazi lánykérés fotók,"Balázs lánykérés története, siker, könnyeket, ajánlat","#Lánykérés #ProposalStory #Engagement #LoveStory #SheSaidYes",Tervezés,Valentin hét
6,2025-02-14,Péntek,09:00,Instagram & Facebook,Single kép + Story,Boldog Valentin napot!,Párok + szív dekoráció,"Valentin-nap köszöntés, szerelem ünneplése, lánykérés még ma, utolsó helyek","#ValentineDay #HappyValentine #Love #Szerelem #Lánykérés",Tervezés,Valentin-nap reggel
7,2025-02-17,Hétfő,10:00,Instagram & Facebook,Video,Tavaszi esküvő package,Tavaszi virágok + terasz,"Tavaszi esküvői csomag, március-május, virágdekoráció, outdoor, early bird","#TavasziEsküvő #WeddingPackage #Esküvő2025 #SpringWedding #EsküvőiCsomag",Tervezés,Szezonális ajánlat
7,2025-02-19,Szerda,19:00,Instagram & Facebook,Carousel,Helyszín - tavaszi hangulat,Természet tavasszal,"Tavaszi természet, virágzás, zöld környezet, fresh air, outdoor terasz","#Spring #Tavasz #Nature #OutdoorVenue #NatureWedding #BudapestNature",Tervezés,Tavasz előtt
7,2025-02-21,Péntek,14:00,Instagram & Facebook,Single kép,Március ajánlat,CTA grafika + ajánlat,"Március időpontok, tavaszi rendezvények, céges team building, kedvezmény","#Március #MarchEvents #Rendezvény #TeamBuilding #SpringEvent",Tervezés,Hónap végi push
8,2025-02-24,Hétfő,11:00,Instagram & Facebook,Grafika,Esküvőszervezési tipp #2,Infografika,"Esküvői költségvetés tipp, min spórolj, min ne, prioritások","#EsküvőTipp #WeddingBudget #Esküvőszervezés #WeddingPlanning #BudgetTips",Tervezés,Oktatási sorozat folytatás
8,2025-02-26,Szerda,18:00,Instagram & Facebook,Video,Menü újdonság,Új tavaszi menü items,"Tavaszi menü, szezonális alapanyagok, friss, helyi termelők, séf ajánlata","#TavasziMenü #SpringMenu #SeasonalFood #Catering #GasztronómiaBudapest",Tervezés,Új menü bemutató
8,2025-02-28,Péntek,10:00,Instagram & Facebook,Carousel,Március foglalás reminder,Március naptár + CTA,"Március időpontok, húsvéti rendezvények, tavaszi esküvők, last call","#MárciusFoglalás #MarchBooking #SpringWedding #Húsvét #Rendezvény",Tervezés,Hónap zárás
9,2025-03-03,Hétfő,09:00,Instagram & Facebook,Carousel,Húsvéti családi rendezvény,Családi asztal + gyerekek,"Húsvéti családi ebéd, gyereksarok, húsvéti menü, családbarát, április időpontok","#Húsvét #FamiliEvent #CsaládiRendezvény #Easter #GyerekbaratHelyszín",Tervezés,Húsvét előtt 1 hónappal
9,2025-03-05,Szerda,19:00,Instagram & Facebook,Video,Real wedding story,Esküvő videó highlights,"Valódi esküvő a helyszínen, párok története, perfect day, testimonial video","#RealWedding #WeddingVideo #Esküvő #WeddingStory #EsküvőiPillanatok",Tervezés,User content felhasználás
9,2025-03-07,Péntek,12:00,Instagram & Facebook,Single kép,Tavaszi team building,Outdoor csapatépítés,"Team building outdoor programok, természetjárás, csapatépítő játékok, catering","#TeamBuilding #CsapatépítésTavasz #OutdoorTeamBuilding #CorporateEvent",Tervezés,Céges Q1-Q2 push
10,2025-03-10,Hétfő,11:00,Instagram & Facebook,Grafika,Outdoor esküvő előnyök,Infografika / Carousel,"Miért jó az outdoor esküvő, természet, fotók, friss levegő, backup terv","#OutdoorWedding #NatureWedding #EsküvőiTipp #WeddingAdvice #TavasziEsküvő",Tervezés,Oktatási tartalom
10,2025-03-12,Szerda,18:00,Instagram & Facebook,Carousel,Virágdekoráció ötletek,Virágos dekorációk,"Tavaszi virágok esküvőhöz, dekoráció ötletek, színpaletta, trendy flowers","#VirágDekoráció #WeddingFlowers #EsküvőiDekoráció #FloralDesign #WeddingDecor",Tervezés,Inspirációs tartalom
10,2025-03-14,Péntek,10:00,Instagram & Facebook,Single kép + CTA,Nyári esküvő last call,Nyári naptár + CTA,"Nyári időpontok utolsó helyei, június-július-augusztus, foglalj most, limited spots","#NyáriEsküvő #SummerWedding #LastCall #Foglalás #Esküvő2025",Tervezés,Sürgősségi CTA
11,2025-03-17,Hétfő,10:00,Instagram & Facebook,Video,Behind-the-scenes - Setup,Event setup timelapse,"Rendezvény felállítás behind-the-scenes, terítés, dekoráció, timelapse video","#BehindTheScenes #EventSetup #Rendezvényszervezés #EventPlanning #BTS",Tervezés,Timelapse video készítése
11,2025-03-19,Szerda,19:00,Instagram & Facebook,Carousel,Testimonial - Céges,Céges rendezvény fotók,"Gábor testimonial céges rendezvényről, profi szervezés, elégedett ügyfél","#CégesRendezvény #Testimonial #CorporateEvent #Review #ElégedettÜgyfél",Tervezés,B2B tartalom
11,2025-03-21,Péntek,17:00,Instagram & Facebook,Video,Tavaszi panoráma,Sunset tavasszal,"Tavaszi napnyugta, panoráma, természet ébredése, zöldülő táj, beautiful view","#TavasziKilátás #SpringView #Panoráma #BudapestView #ScenicView #Sunset",Tervezés,Tavasz első napja (márc 20)
12,2025-03-24,Hétfő,11:00,Instagram & Facebook,Grafika,Húsvéti menü ajánlat,Húsvéti ételek,"Húsvéti menü, sonka, tojásos ételek, tavaszi saláták, családi ebéd/vacsora","#HúsvétiMenü #EasterMenu #TavasziMenü #FamiliDinner #Húsvét2025",Tervezés,Húsvét előtt 2 héttel
12,2025-03-26,Szerda,18:00,Instagram & Facebook,Carousel,Esküvői koordinátor szolgáltatás,Koordinátor munkában,"Mit csinál az esküvői koordinátor, stresszmentes nap, részletes terv, execution","#EsküvőiKoordinátor #WeddingPlanner #Esküvőszervezés #StressFreeWedding",Tervezés,Szolgáltatás highlight
12,2025-03-28,Péntek,12:00,Instagram & Facebook,Single kép + CTA,Április időpontok,Április naptár,"Áprilisi időpontok, húsvét utáni rendezvények, tavaszi bulik, foglalj most","#Április #AprilEvents #Rendezvény #TavaszszRendezvény #Foglalás",Tervezés,Következő hónap push
